wrong,correct
비 올까,비올까
비올 까,비올까
비 오니,비오니
눈 올까,눈올까
눈 오니,눈오니
챙겨야 해,챙겨야해
챙겨 야할까,챙겨야할까
맛 집 ,맛집
내 일 모레,내일 모레
어벤저스,어벤져스
빈 지노,빈지노
깨 와줘,깨워줘
미세 먼 지,미세먼지
미세 먼 지 어 때,미세먼지 어때
먼 지어, 먼지 어
어 때,어때
미추홀 구,미추홀구
경 기전,경기전
월드컵 경기장,월드컵경기장
월드컵경기 장,월드컵경기장
경기 장,경기장
동백 섬,동백섬
오목 대,오목대
서 울,서울
마라 탕,마라탕
부대찌게,부대찌개
마라 롱샴,마라롱샤
단풍 놀이,단풍놀이
단풍 구경,단풍구경
할만 한,할만한
패밀리 레스토랑,패밀리레스토랑
라운지 바,라운지바
와인 바,와인바
브런치 카페,브런치카페
칵테일 바,칵테일바
맥주 바,맥주바
티 본 스테이크,티본스테이크
크림 파스타,크림파스타
베트남 음식,베트남음식
인도 음식,인도음식
멕시코 음식,멕시코음식
태국 음식,태국음식
써 바이 벌,써바이벌
스킨 스쿠버,스킨스쿠버
제트 스키,제트스키
산악 오토바이,산악오토바이
관광 할만 한,관광할만한
볼 만 한,볼만한
월드컵경기 장,월드컵경기장
수 원,수원
월드컵경기 장,월드컵경기장
제 주,제주
월드컵경기 장,월드컵경기장
전 주,전주
월드컵경기 장,월드컵경기장
월드컵경기 장,월드컵경기장
사직 종합,사직종합
사직종합 운동장,사직종합운동장
잠실 종합,잠실종합
잠실종합 운동장,잠실종합운동장
인천 문학경기장,인천문학경기장
sk 행복,sk행복
드림 구장,드림구장
sk행복 드림구장,sk행복드림구장
DGB 대구 은행 파크,DGB대구은행파크
삼성 라이온즈 파크,삼성라이온즈파크
광주 기아 챔피언스 필드,광주기아챔피언스필드
괴 지 과물 해수욕장,괴지과물해수욕장
중문 색달 해수욕장,중문색달해수욕장
월 정리 해수욕장,월정리해수욕장
협재해수욕장,협재해수욕장
함덕 서우 봉 해수욕장,함덕서우봉해수욕장
표 선해 비치,표선해비치
표 선해 비치 해수욕장,표선해비치해수욕장
오류 고아라 해수욕장,오류 고아라해수욕장
사천 해수욕장,사천해수욕장
속초 해수욕장,속초해수욕장
망상 해수욕장,망상해수욕장
정동진 해수욕장,정동진해수욕장
서 피 비치,서피 비치
왕리 해수욕장,을왕리해수욕장
왕산 해수욕장,왕산해수욕장
민 머루 해수욕장,민머루해수욕장
동 막 해수욕장,동막해수욕장
이중섭 거리,이중섭거리
공 방 거리,공방거리
나혜석 거리,나혜석거리
부산대학교 젊음 거리,부산대학교 젊음의거리
광안 리 카페 거리,광안리 카페거리
광복 로 문화 패션 거리,광복로 문화패션거리
BIFF 거리,BIFF거리
전 포 카페 거리,전포 카페거리
영화 거리,영화의거리
상해 거리,상해거리
아리랑 거리,아리랑거리
40 계단 문화 관광 테마 거리,40계단 문화관광테마거리
달맞이 해안길,달맞이 해안길
이바 구길,이바구길
경리 단길,경리단길
작가 산책길,작가의 산책길
서울 한양도성 길,서울한양도성길
황리 단길,황리단길
동해 남부선 폐 철길,동해남부선 폐철길
두맹 골목,두맹이 골목
동 관동 인쇄,동관동 인쇄
서면 먹자,서면먹자
남포동 양 곱창,남포동 양곱창
속초 생선 구이,속초 생선구이
수 원 남 문 거리,수원남문거리
수원 영통 거리,수원영통거리
압구정 거리,압구정거리
신사동 거리,신사동거리
행동 궁 벽화 마을,행동궁 벽화마을
감천 문화 마을,감천문화마을
보수동 책방 마을,보수동 책방마을
북촌 한 옥 마을,북촌 한옥마을
이화 마을,이화마을
교촌 마을,교촌마을
한 옥 마을,한옥마을
지동 벽화 마을,지동 벽화마을
백 미리 어촌 체험 마을,백미리 어촌 체험마을
민들레 연극 마을,민들레 연극마을
매 축지 마을,매축지마을
문현동 벽화 마을,문현동 벽화마을
남산 솔 한 옥 마을,남산솔 한옥마을
동대문 패션타운,동대문 패션타운
차이나타운,차이나타운
롯데 백화점 수원 터미널 점,롯데백화점 수원터미널점
롯데 백화점 광복 점,롯데백화점 광복점
롯데 백화점 본점,롯데백화점 본점
롯데 백화점 인천 터미널 점,롯데백화점 인천터미널점
JDC 제주 공항 면세점,JDC 제주공항 면세점
제주 국제 컨벤션 센터 JTO 면세점,제주국제컨벤션센터 JTO 면세점
롯데 면세점 본점,롯데면세점 본점
동화 면세점,동화면세점
SM 면세점,SM면세점
신라 면세점,신라면세점
라인 프렌즈,라인 프렌즈
전주 놀이 공원,전주놀이공원
서울 랜드,서울랜드
제주 러브랜드,제주러브랜드
삼보 게임 랜드,삼보게임랜드
청학 배수지 전망대,청학배수지전망대
송산 그린 시티 전망대,송산그린시티전망대
천곡 동굴,천곡동굴
믿거나말거나 박물관,믿거나말거나박물관
국립 제주 박물관,국립제주박물관
향토 박물관,향토박물관
복 천 박물관,복천박물관
대한민국 역사 박물관,대한민국역사박물관
국립 민속 박물관,국립민속박물관
국립 고궁 박물관,국립고궁박물관
서울역 사 박물관,서울역사박물관
부산 시립 미술관,부산시립미술관
수원 시립 아이파크,수원시립 아이파크
고은 사진 미술관,고은사진미술관
서울 시립 미술관,서울시립미술관
테디베어 뮤 지엄,테디베어뮤지엄
삼성 이노베이션 뮤 지엄,삼성이노베이션뮤지엄
오설록 뮤 지엄,오설록뮤지엄
국립 경주 박물관,국립경주박물관
수원화성 박물관,수원화성박물관
지도 박물관,지도박물관
수원 광교 박물관,수원광교박물관
수원 박물관,수원박물관
국립 해양 박물관,국립해양박물관
국립 중앙 박물관,국립중앙박물관
수원 미술 전시관,수원미술전시관
여미지식물원,여미지식물원
우리 꽃식물 원,우리꽃식물원
세계 문화 엑스포 공원,세계문화엑스포공원
광교 호수 공원,광교호수공원
일 산호수 공원,일산호수공원
효 원 공원,효원공원
민락 수 변 공원,민락수변공원
용두산 공원,용두산공원
이기대 도시 자연 공원,이기대 도시자연공원
부산 아쿠아리움,부산아쿠아리움
양 남 주상절리,양남 주상절리
외돌 개,외돌개
절영 해안 산책로,절영해안산책로
해 마루,해마루
두 타 연,두타연
대릉 원,대릉원
대릉 원,대릉원
배동 석 조여 래 삼 존 입상,배동 석조여래삼존입상
골 굴사,골굴사
수원 광주 이씨 월곡 댁,수원 광주이씨월곡댁
제 암 리 3.1 운동 순국 기념관,제암리3.1운동 순국기념관
복천동 고분 군,복천동 고분군
하 조대,하조대
북한 강,북한강
매화 리,매화리
63 스퀘어,63스퀘어
서울 특별 시청,서울특별시청
서 울 특별 시청,서울특별시청
서울특별시 청,서울특별시청
동대문 디자인 플라자,동대문디자인플라자
트릭 아트 스토리,트릭아트스토리
연 안부 두,연안부두
연안 부두,연안부두
인천 국제공항,인천국제공항
장화 리,장화리
조 망 지에,조망지
조 망 지,조망지
샌드 리버,샌드리버
순 대 국,순대국
제 주,제주
이번 주,이번주
다음 주,다음주
수 제,수제
수제 버거,수제버거
수 제 버거,수제버거
중문 색달,중문색달
월 정리,월정리
황리 단 길, 황리단길
여 미지,여미지
여 미지 수목원,여미지수목원
여미지 수목원,여미지수목원
메세나 폴리스,메세나폴리스
아르 미애 월드,아르미애월드